<?xml version="1.0" encoding="UTF-8"?>

<templates>
    <t t-name="DashboardTiles">
        <div class="inforide" t-attf-style="background: #{background_color};color:#{text_color}">
            <div class="row">
                <t t-if="is_warning_tile">
                     <div class="col-lg-12 col-md-12 col-sm-12 col-12 rideone mt-5 ml-3 mr-2">
                         Supported only Bar, Column, Pie and tile if you use <t t-esc="chart_type"/> so Upgrade to pro version!!!
                     </div>
                </t>
                <t t-else="">
                    <div class="col-lg-3 col-md-4 col-sm-4 col-4 rideone mt-5 ml-3">
                        <t t-if="tile_image_type == 'default_icons'">
                            <i t-attf-class="fa #{tile_icon} fa-4x mt-2 ml-4"/>
                        </t>
                        <t t-else="">
                            <img alt="Product image" class="tile_image_margin mt-2 ml-4" t-attf-src="#{image_url}"
                                 style="width:60px;height:60px;"/>
                        </t>
                    </div>
                    <div class="col-lg-9 col-md-8 col-sm-8 col-8 fontsty mt-3">
                        <h4 t-attf-style="color:#{text_color}">
                            <t t-esc="title"/>
                        </h4>
                        <h2>
                            <span t-attf-style="color:#{text_color}">
                                <t t-esc="value"/>
                            </span>
                        </h2>
                    </div>
                </t>
            </div>
        </div>
    </t>
</templates>
